img_idx,illum,occ,time,bbox
0,0,0,3.662432909011841,"[449.0, 330.0, 571.0, 479.0]"
1,0,0,3.7778899669647217,"[361.0, 98.0, 624.0, 437.0]"
2,0,0,3.526531934738159,"[294.0, 300.0, 749.0, 882.0]"
3,0,0,3.5703113079071045,"[532.0, 168.0, 751.0, 455.0]"
4,0,0,3.9535810947418213,"[439.0, 182.0, 624.0, 436.0]"
5,0,0,3.910444498062134,"[273.0, 327.0, 549.0, 699.0]"
6,0,0,3.9527108669281006,"[207.0, 459.0, 537.0, 900.0]"
7,1,0,3.729890823364258,"[781.0, 769.0, 844.0, 868.0]"
8,0,0,3.572051763534546,"[349.0, 179.0, 520.0, 400.0]"
9,0,0,3.692701816558838,"[443.0, 129.0, 596.0, 392.0]"
10,0,0,3.220242500305176,"[342.0, 324.0, 456.0, 454.0]"
11,1,0,3.236835241317749,"[254.0, 416.0, 404.0, 560.0]"
12,1,0,3.198030471801758,"[396.0, 184.0, 448.0, 245.0]"
13,0,0,3.384855270385742,"[442.0, 164.0, 558.0, 310.0]"
14,0,0,3.72769832611084,"[530.0, 394.0, 726.0, 663.0]"
15,0,0,3.87618088722229,"[209.0, 888.0, 734.0, 1663.0]"
16,0,0,3.570988416671753,"[404.0, 94.0, 536.0, 274.0]"
17,1,0,3.356900453567505,"[350.0, 256.0, 502.0, 432.0]"
18,0,0,3.551351547241211,"[688.0, 73.0, 870.0, 307.0]"
19,0,0,3.753411293029785,"[322.0, 432.0, 397.0, 561.0]"
20,0,2,3.886909008026123,"[494.0, 251.0, 569.0, 361.0]"
21,0,0,3.7205333709716797,"[135.0, 235.0, 889.0, 1368.0]"
22,0,2,4.166584491729736,"[414.0, 118.0, 714.0, 496.0]"
23,0,0,3.734976291656494,"[384.0, 228.0, 672.0, 630.0]"
24,0,0,3.3290910720825195,"[282.0, 92.0, 448.0, 320.0]"
25,0,0,3.8375613689422607,"[252.0, 244.0, 793.0, 940.0]"
26,0,0,3.3496947288513184,"[954.0, 135.0, 981.0, 172.0]"
27,0,0,3.6024222373962402,"[416.0, 92.0, 586.0, 316.0]"
28,0,0,3.949303388595581,"[415.0, 112.0, 563.0, 310.0]"
29,0,0,3.5514323711395264,"[276.0, 266.0, 830.0, 876.0]"
30,0,0,3.688777208328247,"[589.0, 872.0, 728.0, 1133.0]"
31,0,0,3.572014093399048,"[465.0, 146.0, 668.0, 446.0]"
32,0,0,3.6469945907592773,"[121.0, 342.0, 428.0, 699.0]"
33,0,1,3.6860313415527344,"[310.0, 851.0, 731.0, 1338.0]"
34,0,0,3.1661012172698975,"[432.0, 128.0, 684.0, 490.0]"
35,0,0,3.4693968296051025,"[467.0, 95.0, 579.0, 245.0]"
36,0,0,3.286982297897339,"[336.0, 82.0, 448.0, 244.0]"
37,0,0,3.4311492443084717,"[271.0, 426.0, 508.0, 682.0]"
38,0,0,3.2107222080230713,"[393.0, 198.0, 426.0, 245.0]"
39,0,0,3.5683345794677734,"[408.0, 128.0, 627.0, 437.0]"
40,0,0,3.6425797939300537,"[210.0, 320.0, 339.0, 554.0]"
41,0,0,3.2323496341705322,"[268.0, 174.0, 396.0, 438.0]"
42,1,1,3.719074010848999,"[455.0, 237.0, 542.0, 363.0]"
43,0,1,3.1384668350219727,"[489.0, 290.0, 509.0, 305.0]"
44,0,0,3.0928590297698975,"[404.0, 82.0, 496.0, 210.0]"
45,0,2,4.603819370269775,"[162.0, 12.0, 784.0, 666.0]"
46,0,0,3.1078219413757324,"[354.0, 172.0, 432.0, 300.0]"
47,0,0,3.1214816570281982,"[378.0, 158.0, 680.0, 606.0]"
48,0,0,3.2973482608795166,"[408.0, 218.0, 478.0, 322.0]"
49,0,0,3.1579575538635254,"[266.0, 142.0, 588.0, 626.0]"
50,0,0,3.4380218982696533,"[693.0, 171.0, 859.0, 423.0]"
51,0,0,3.368778705596924,"[364.0, 216.0, 576.0, 500.0]"
52,1,0,3.3330514430999756,"[213.0, 225.0, 468.0, 546.0]"
53,0,0,3.368236780166626,"[246.0, 270.0, 742.0, 938.0]"
54,0,1,3.042168140411377,"[200.0, 44.0, 356.0, 214.0]"
55,0,0,3.389565944671631,"[298.0, 245.0, 726.0, 823.0]"
56,0,0,3.535665512084961,"[381.0, 520.0, 808.0, 965.0]"
57,0,0,3.5350186824798584,"[178.0, 129.0, 841.0, 948.0]"
58,0,0,3.726423978805542,"[555.0, 360.0, 608.0, 451.0]"
59,0,0,3.083575487136841,"[722.0, 212.0, 794.0, 328.0]"
60,0,1,2.9195570945739746,"[436.0, 122.0, 666.0, 380.0]"
61,0,0,3.0710270404815674,"[708.0, 288.0, 866.0, 460.0]"
62,0,0,3.5845320224761963,"[273.0, 195.0, 771.0, 889.0]"
63,0,0,3.1952412128448486,"[254.0, 110.0, 364.0, 236.0]"
64,0,0,3.11210298538208,"[725.0, 178.0, 771.0, 266.0]"
65,1,0,3.056525945663452,"[790.0, 66.0, 870.0, 176.0]"
66,0,0,3.5540642738342285,"[488.0, 662.0, 560.0, 764.0]"
67,0,0,3.4938673973083496,"[443.0, 155.0, 632.0, 454.0]"
68,1,0,3.353445529937744,"[216.0, 212.0, 402.0, 478.0]"
69,0,0,3.20556902885437,"[661.0, 590.0, 837.0, 790.0]"
70,0,0,3.0938704013824463,"[464.0, 104.0, 662.0, 396.0]"
71,1,0,3.1689488887786865,"[518.0, 246.0, 572.0, 322.0]"
72,0,0,3.005115509033203,"[452.0, 154.0, 518.0, 286.0]"
73,0,0,3.015744686126709,"[208.0, 246.0, 330.0, 442.0]"
74,1,0,3.688465118408203,"[408.0, 429.0, 486.0, 552.0]"
75,0,0,3.6138787269592285,"[518.0, 351.0, 664.0, 515.0]"
76,0,0,3.1385128498077393,"[416.0, 186.0, 514.0, 324.0]"
77,0,0,3.4369823932647705,"[300.0, 517.0, 417.0, 721.0]"
78,1,0,3.66923189163208,"[514.0, 201.0, 622.0, 351.0]"
79,0,0,3.4801039695739746,"[405.0, 474.0, 645.0, 816.0]"
80,0,0,3.186630964279175,"[632.0, 50.0, 744.0, 202.0]"
81,0,0,3.445868968963623,"[274.0, 146.0, 700.0, 782.0]"
82,1,0,3.143486738204956,"[616.0, 134.0, 682.0, 234.0]"
83,0,0,3.075134754180908,"[438.0, 188.0, 600.0, 414.0]"
84,0,0,3.077625274658203,"[470.0, 200.0, 606.0, 376.0]"
85,0,0,3.1566078662872314,"[352.0, 6.0, 554.0, 312.0]"
86,0,2,3.037189483642578,"[672.0, 54.0, 772.0, 200.0]"
87,0,0,2.95302152633667,"[548.0, 84.0, 654.0, 250.0]"
88,0,0,3.499742269515991,"[296.0, 468.0, 482.0, 816.0]"
89,1,0,3.0721781253814697,"[627.0, 422.0, 655.0, 457.0]"
90,1,0,3.099311351776123,"[584.0, 100.0, 708.0, 264.0]"
91,0,0,3.1051430702209473,"[348.0, 80.0, 436.0, 184.0]"
92,0,0,3.0992891788482666,"[302.0, 152.0, 484.0, 376.0]"
93,0,0,3.6912708282470703,"[184.0, 102.0, 733.0, 914.0]"
94,0,0,3.0696046352386475,"[396.0, 202.0, 488.0, 316.0]"
95,1,0,3.4819347858428955,"[348.0, 214.0, 696.0, 636.0]"
96,0,0,3.2201695442199707,"[354.0, 242.0, 412.0, 336.0]"
97,0,0,3.3655693531036377,"[315.0, 247.0, 578.0, 588.0]"
98,0,0,3.329965829849243,"[393.0, 189.0, 554.0, 431.0]"
99,1,0,3.019869565963745,"[619.0, 185.0, 639.0, 208.0]"
100,0,0,3.643636465072632,"[413.0, 217.0, 573.0, 410.0]"
101,1,0,3.5326764583587646,"[414.0, 336.0, 536.0, 472.0]"
102,1,0,3.1627357006073,"[382.0, 198.0, 710.0, 624.0]"
103,0,0,3.5067951679229736,"[297.0, 333.0, 689.0, 803.0]"
104,0,0,3.156879425048828,"[495.0, 296.0, 522.0, 325.0]"
105,1,0,3.4012186527252197,"[341.0, 186.0, 707.0, 723.0]"
106,0,1,3.521825075149536,"[444.0, 441.0, 528.0, 522.0]"
107,0,0,3.5137767791748047,"[283.0, 241.0, 631.0, 671.0]"
108,0,0,3.129347085952759,"[570.0, 136.0, 676.0, 278.0]"
109,0,0,3.147097110748291,"[326.0, 174.0, 384.0, 232.0]"
110,0,0,3.4921534061431885,"[480.0, 138.0, 594.0, 309.0]"
111,0,1,3.017739772796631,"[446.0, 114.0, 532.0, 216.0]"
112,0,0,3.1809024810791016,"[352.0, 165.0, 391.0, 211.0]"
113,0,2,3.1149024963378906,"[358.0, 126.0, 418.0, 240.0]"
114,0,0,3.073587656021118,"[446.0, 88.0, 566.0, 228.0]"
115,0,0,3.7368881702423096,"[260.0, 85.0, 402.0, 325.0]"
116,1,0,3.5077264308929443,"[624.0, 410.0, 954.0, 838.0]"
117,0,0,3.200227975845337,"[324.0, 194.0, 582.0, 536.0]"
118,1,0,3.4834961891174316,"[330.0, 254.0, 548.0, 498.0]"
119,0,0,3.20942759513855,"[438.0, 208.0, 618.0, 406.0]"
120,0,0,3.231858968734741,"[324.0, 240.0, 414.0, 366.0]"
121,0,0,3.309598922729492,"[517.0, 355.0, 542.0, 389.0]"
122,0,0,3.041524648666382,"[488.0, 176.0, 624.0, 358.0]"
123,0,0,3.5775060653686523,"[550.0, 227.0, 677.0, 438.0]"
124,0,0,3.1062381267547607,"[264.0, 184.0, 442.0, 418.0]"
125,1,0,3.0400352478027344,"[234.0, 128.0, 558.0, 500.0]"
126,0,0,3.536541223526001,"[174.0, 153.0, 608.0, 686.0]"
127,0,0,3.125201940536499,"[390.0, 246.0, 496.0, 386.0]"
128,0,0,3.4976234436035156,"[269.0, 139.0, 688.0, 736.0]"
129,0,0,3.5130510330200195,"[364.0, 187.0, 719.0, 699.0]"
130,0,0,3.564094305038452,"[281.0, 330.0, 351.0, 422.0]"
131,0,0,3.4200167655944824,"[452.0, 86.0, 654.0, 409.0]"
132,0,0,3.6517884731292725,"[283.0, 337.0, 711.0, 837.0]"
133,0,0,3.158715009689331,"[626.0, 202.0, 690.0, 300.0]"
134,0,0,3.651890516281128,"[375.0, 341.0, 482.0, 496.0]"
135,0,1,2.870905876159668,"[624.0, 122.0, 688.0, 214.0]"
136,0,0,2.9200963973999023,"[474.0, 26.0, 600.0, 202.0]"
137,0,0,3.0886263847351074,"[715.0, 182.0, 757.0, 237.0]"
138,0,0,3.3771395683288574,"[295.0, 351.0, 743.0, 910.0]"
139,0,2,3.3007450103759766,"[360.0, 22.0, 966.0, 712.0]"
140,0,2,3.0375263690948486,"[702.0, 58.0, 816.0, 194.0]"
141,0,0,3.1448659896850586,"[285.0, 200.0, 656.0, 699.0]"
142,0,0,3.1550612449645996,"[457.0, 201.0, 496.0, 253.0]"
143,0,1,3.0035431385040283,"[328.0, 114.0, 412.0, 206.0]"
144,0,0,3.0656046867370605,"[402.0, 202.0, 788.0, 652.0]"
145,0,0,3.1709790229797363,"[784.0, 188.0, 896.0, 326.0]"
146,1,0,3.1753058433532715,"[220.0, 156.0, 358.0, 328.0]"
147,0,0,3.3894755840301514,"[384.0, 165.0, 627.0, 492.0]"
148,0,0,3.5579922199249268,"[491.0, 294.0, 599.0, 416.0]"
149,0,0,3.4775912761688232,"[65.0, 368.0, 486.0, 901.0]"
150,0,0,3.408425807952881,"[235.0, 197.0, 702.0, 784.0]"
151,0,0,3.4879589080810547,"[477.0, 166.0, 876.0, 592.0]"
152,0,0,3.405869722366333,"[447.0, 366.0, 582.0, 522.0]"
153,0,0,3.234117031097412,"[310.0, 144.0, 474.0, 374.0]"
154,0,1,3.1053340435028076,"[836.0, 396.0, 900.0, 484.0]"
155,1,0,3.2816057205200195,"[228.0, 202.0, 430.0, 488.0]"
156,0,0,2.9459500312805176,"[702.0, 20.0, 830.0, 132.0]"
157,1,0,3.1433138847351074,"[231.0, 264.0, 249.0, 287.0]"
158,0,0,2.986114025115967,"[729.0, 287.0, 744.0, 308.0]"
159,0,0,3.078317165374756,"[190.0, 160.0, 250.0, 240.0]"
160,0,0,3.017711639404297,"[424.0, 152.0, 578.0, 320.0]"
161,0,0,3.289268970489502,"[559.0, 179.0, 585.0, 208.0]"
162,0,0,3.0593104362487793,"[257.0, 232.0, 288.0, 265.0]"
163,1,0,3.227736473083496,"[458.0, 412.0, 526.0, 498.0]"
164,1,0,3.361100435256958,"[285.0, 232.0, 594.0, 645.0]"
165,0,0,3.2847890853881836,"[268.0, 86.0, 612.0, 500.0]"
166,1,0,3.4853672981262207,"[466.0, 366.0, 576.0, 550.0]"
167,0,0,3.1300666332244873,"[546.0, 92.0, 638.0, 238.0]"
168,0,0,2.9850611686706543,"[269.0, 89.0, 323.0, 163.0]"
169,0,2,3.1874186992645264,"[640.0, 266.0, 696.0, 318.0]"
170,0,0,3.557756185531616,"[351.0, 36.0, 648.0, 348.0]"
171,0,0,3.3228063583374023,"[366.0, 187.0, 689.0, 666.0]"
172,0,0,3.373508930206299,"[235.0, 225.0, 582.0, 719.0]"
173,0,0,3.4215919971466064,"[553.0, 138.0, 670.0, 282.0]"
174,0,0,3.686384677886963,"[503.0, 449.0, 596.0, 591.0]"
175,0,0,3.4999330043792725,"[322.0, 372.0, 756.0, 929.0]"
176,0,0,3.1574957370758057,"[302.0, 102.0, 600.0, 566.0]"
177,0,0,3.2313733100891113,"[594.0, 158.0, 668.0, 276.0]"
178,0,0,3.5924932956695557,"[544.0, 228.0, 652.0, 378.0]"
179,0,0,3.4529836177825928,"[270.0, 102.0, 567.0, 576.0]"
180,0,0,3.2021782398223877,"[412.0, 128.0, 508.0, 258.0]"
181,0,0,3.0144238471984863,"[450.0, 176.0, 644.0, 374.0]"
182,0,0,3.121138095855713,"[414.0, 192.0, 650.0, 518.0]"
183,0,0,3.0952346324920654,"[254.0, 8.0, 844.0, 668.0]"
184,0,0,2.785674571990967,"[328.0, 28.0, 674.0, 510.0]"
185,1,0,3.517575740814209,"[123.0, 301.0, 459.0, 719.0]"
186,0,0,3.5487024784088135,"[269.0, 311.0, 805.0, 1059.0]"
187,0,0,3.5074779987335205,"[285.0, 201.0, 759.0, 919.0]"
188,1,0,3.0078365802764893,"[426.0, 102.0, 548.0, 280.0]"
189,0,0,3.041473388671875,"[218.0, 300.0, 298.0, 386.0]"
190,0,0,2.923550605773926,"[470.0, 44.0, 634.0, 292.0]"
191,0,0,3.045227289199829,"[478.0, 120.0, 738.0, 470.0]"
192,0,0,3.105013847351074,"[722.0, 82.0, 810.0, 222.0]"
193,0,0,3.31363582611084,"[483.0, 66.0, 603.0, 252.0]"
194,0,0,3.5718166828155518,"[294.0, 13.0, 898.0, 846.0]"
195,0,0,3.037135124206543,"[386.0, 126.0, 602.0, 416.0]"
196,0,0,3.081327199935913,"[364.0, 190.0, 660.0, 610.0]"
197,1,0,3.248231887817383,"[488.0, 52.0, 912.0, 674.0]"
198,0,0,3.182465076446533,"[244.0, 90.0, 420.0, 398.0]"
199,0,0,2.833012104034424,"[536.0, 18.0, 788.0, 330.0]"
200,0,0,3.559556007385254,"[342.0, 262.0, 752.0, 876.0]"
201,0,0,3.0584161281585693,"[228.0, 0.0, 890.0, 576.0]"
202,0,0,3.5289676189422607,"[446.0, 172.0, 563.0, 332.0]"
203,0,0,3.6222095489501953,"[284.0, 470.0, 467.0, 674.0]"
204,0,0,2.8937935829162598,"[470.0, 121.0, 496.0, 164.0]"
205,0,0,3.5588159561157227,"[601.0, 85.0, 859.0, 452.0]"
206,0,0,3.5424675941467285,"[480.0, 158.0, 615.0, 353.0]"
207,0,0,2.959958791732788,"[524.0, 94.0, 652.0, 284.0]"
208,0,0,3.131469249725342,"[404.0, 150.0, 748.0, 584.0]"
209,0,0,3.0563461780548096,"[170.0, 64.0, 534.0, 578.0]"
210,0,0,3.5526585578918457,"[459.0, 358.0, 601.0, 555.0]"
211,0,0,2.947352409362793,"[594.0, 124.0, 798.0, 432.0]"
212,0,0,3.0933938026428223,"[416.0, 60.0, 662.0, 388.0]"
213,0,0,3.6733694076538086,"[355.0, 347.0, 440.0, 462.0]"
214,1,0,3.3966684341430664,"[493.0, 283.0, 568.0, 398.0]"
215,0,0,3.489082098007202,"[334.0, 195.0, 567.0, 527.0]"
216,0,0,3.627195358276367,"[495.0, 288.0, 579.0, 411.0]"
217,0,0,2.994361400604248,"[446.0, 34.0, 812.0, 500.0]"
218,0,0,3.2126455307006836,"[178.0, 50.0, 440.0, 350.0]"
219,0,0,3.1048853397369385,"[304.0, 124.0, 598.0, 506.0]"
220,0,0,3.4965829849243164,"[401.0, 298.0, 552.0, 545.0]"
221,0,0,3.077974319458008,"[294.0, 42.0, 592.0, 398.0]"
222,0,0,2.9513792991638184,"[247.0, 447.0, 269.0, 472.0]"
223,0,0,3.6043083667755127,"[497.0, 190.0, 690.0, 497.0]"
224,0,0,3.549696922302246,"[114.0, 270.0, 631.0, 1066.0]"
225,0,0,3.114471435546875,"[298.0, 164.0, 658.0, 604.0]"
226,0,0,3.1144304275512695,"[246.0, 252.0, 452.0, 562.0]"
227,0,0,3.0643069744110107,"[552.0, 146.0, 632.0, 262.0]"
228,1,0,3.427957773208618,"[275.0, 208.0, 835.0, 1032.0]"
229,0,0,3.1160242557525635,"[400.0, 290.0, 486.0, 410.0]"
230,0,0,3.1680688858032227,"[422.0, 84.0, 502.0, 206.0]"
231,0,0,3.4203789234161377,"[239.0, 254.0, 662.0, 790.0]"
232,0,0,3.1829309463500977,"[613.0, 297.0, 655.0, 351.0]"
233,0,0,2.982795238494873,"[568.0, 58.0, 728.0, 268.0]"
234,0,0,2.99696683883667,"[730.0, 76.0, 884.0, 292.0]"
235,0,0,2.9592137336730957,"[312.0, 80.0, 628.0, 546.0]"
236,0,0,2.894761323928833,"[460.0, 142.0, 612.0, 362.0]"
237,0,0,2.9781129360198975,"[764.0, 124.0, 886.0, 360.0]"
238,0,0,2.8890881538391113,"[290.0, 116.0, 530.0, 460.0]"
239,0,0,3.54899263381958,"[370.0, 109.0, 619.0, 448.0]"
240,0,0,3.056605577468872,"[258.0, 178.0, 398.0, 364.0]"
241,0,0,3.410153388977051,"[299.0, 252.0, 716.0, 809.0]"
242,1,0,3.4171643257141113,"[523.0, 570.0, 553.0, 617.0]"
243,0,0,2.970268487930298,"[666.0, 44.0, 728.0, 144.0]"
244,0,0,2.9135494232177734,"[248.0, 88.0, 452.0, 334.0]"
245,0,0,3.079925060272217,"[468.0, 84.0, 606.0, 230.0]"
246,1,0,2.9024910926818848,"[640.0, 50.0, 792.0, 246.0]"
247,0,0,3.6074185371398926,"[330.0, 205.0, 628.0, 591.0]"
248,0,0,3.0799713134765625,"[516.0, 86.0, 712.0, 390.0]"
249,0,0,3.4323160648345947,"[282.0, 110.0, 632.0, 644.0]"
250,0,0,3.106853485107422,"[614.0, 152.0, 722.0, 292.0]"
251,0,0,3.5289103984832764,"[444.0, 117.0, 505.0, 168.0]"
252,0,0,3.572117328643799,"[279.0, 208.0, 773.0, 883.0]"
253,0,0,3.0730175971984863,"[392.0, 66.0, 672.0, 460.0]"
254,1,0,2.96079158782959,"[506.0, 62.0, 656.0, 278.0]"
255,0,0,3.115607261657715,"[554.0, 116.0, 860.0, 556.0]"
256,0,0,3.0302655696868896,"[450.0, 2.0, 666.0, 284.0]"
257,0,0,3.0884997844696045,"[310.0, 94.0, 420.0, 250.0]"
258,1,0,3.5363776683807373,"[432.0, 13.0, 925.0, 565.0]"
259,0,0,3.2041256427764893,"[706.0, 272.0, 796.0, 412.0]"
260,0,0,3.504427433013916,"[397.0, 221.0, 602.0, 496.0]"
261,0,0,3.1954972743988037,"[448.0, 82.0, 540.0, 214.0]"
262,0,0,2.9564242362976074,"[426.0, 96.0, 648.0, 390.0]"
263,0,0,3.2446322441101074,"[434.0, 31.0, 538.0, 160.0]"
264,0,0,2.985663652420044,"[442.0, 150.0, 542.0, 294.0]"
265,0,0,3.4544734954833984,"[426.0, 268.0, 715.0, 658.0]"
266,0,0,3.530050754547119,"[384.0, 351.0, 654.0, 741.0]"
267,0,0,3.4906551837921143,"[102.0, 251.0, 707.0, 1055.0]"
268,0,0,2.95792555809021,"[594.0, 240.0, 774.0, 504.0]"
269,0,0,3.1540112495422363,"[413.0, 117.0, 443.0, 149.0]"
270,0,0,3.554172992706299,"[274.0, 339.0, 822.0, 1105.0]"
271,0,0,3.4836549758911133,"[465.0, 204.0, 582.0, 414.0]"
272,0,0,3.5850017070770264,"[566.0, 42.0, 724.0, 288.0]"
273,0,0,2.890286684036255,"[462.0, 114.0, 630.0, 338.0]"
274,0,0,2.892249822616577,"[442.0, 6.0, 650.0, 310.0]"
275,0,1,2.952698230743408,"[324.0, 26.0, 678.0, 454.0]"
276,0,0,3.4028384685516357,"[716.0, 364.0, 772.0, 421.0]"
277,0,0,2.937782049179077,"[482.0, 38.0, 622.0, 232.0]"
278,0,0,2.8433427810668945,"[470.0, 122.0, 526.0, 206.0]"
279,0,0,3.4860544204711914,"[282.0, 92.0, 608.0, 574.0]"
280,0,1,2.9927406311035156,"[404.0, 62.0, 584.0, 384.0]"
281,0,0,3.3878419399261475,"[467.0, 121.0, 649.0, 373.0]"
282,0,0,3.0337791442871094,"[286.0, 86.0, 510.0, 404.0]"
283,0,0,3.526736259460449,"[322.0, 407.0, 572.0, 735.0]"
284,0,0,3.1642491817474365,"[282.0, 142.0, 376.0, 270.0]"
285,0,0,3.491374969482422,"[297.0, 378.0, 462.0, 603.0]"
286,0,0,3.09285569190979,"[832.0, 90.0, 912.0, 208.0]"
287,0,0,3.1121256351470947,"[680.0, 260.0, 736.0, 334.0]"
288,0,0,2.932603597640991,"[506.0, 104.0, 652.0, 322.0]"
289,0,0,2.903895854949951,"[488.0, 120.0, 636.0, 334.0]"
290,0,0,3.3499598503112793,"[394.0, 152.0, 562.0, 408.0]"
291,0,0,2.7915496826171875,"[546.0, 74.0, 678.0, 260.0]"
292,0,0,3.0254883766174316,"[432.0, 120.0, 548.0, 270.0]"
293,0,0,2.9123761653900146,"[188.0, 24.0, 550.0, 568.0]"
294,0,0,2.923142671585083,"[338.0, 86.0, 528.0, 376.0]"
295,0,1,2.852830648422241,"[380.0, 88.0, 510.0, 232.0]"
296,0,0,2.9525294303894043,"[370.0, 14.0, 794.0, 550.0]"
297,0,0,3.1100382804870605,"[196.0, 0.0, 612.0, 532.0]"
298,1,0,3.415377616882324,"[229.0, 186.0, 712.0, 838.0]"
299,0,0,2.938048839569092,"[344.0, 30.0, 644.0, 478.0]"
300,0,0,3.5413389205932617,"[431.0, 239.0, 560.0, 457.0]"
301,0,0,3.4085168838500977,"[168.0, 312.0, 393.0, 564.0]"
302,0,0,3.499664306640625,"[416.0, 237.0, 548.0, 450.0]"
303,1,0,3.3876287937164307,"[364.0, 192.0, 559.0, 491.0]"
304,0,0,3.310483455657959,"[374.0, 192.0, 700.0, 600.0]"
305,0,0,3.0174455642700195,"[378.0, 58.0, 592.0, 372.0]"
306,0,0,3.1325433254241943,"[417.0, 60.0, 446.0, 89.0]"
307,0,0,3.070627450942993,"[782.0, 58.0, 856.0, 208.0]"
308,0,0,2.9295976161956787,"[596.0, 68.0, 742.0, 248.0]"
309,0,0,2.9991986751556396,"[496.0, 180.0, 586.0, 284.0]"
310,0,0,3.158892869949341,"[338.0, 144.0, 632.0, 520.0]"
311,0,0,3.5507094860076904,"[436.0, 92.0, 588.0, 321.0]"
312,0,0,2.9754302501678467,"[420.0, 6.0, 824.0, 438.0]"
313,1,0,3.1076130867004395,"[496.0, 42.0, 535.0, 76.0]"
314,0,0,2.9675168991088867,"[358.0, 12.0, 774.0, 554.0]"
315,0,0,3.083728075027466,"[308.0, 166.0, 440.0, 406.0]"
316,0,0,3.7340199947357178,"[597.0, 257.0, 728.0, 439.0]"
317,0,0,2.9131152629852295,"[438.0, 110.0, 584.0, 274.0]"
318,0,0,3.154798984527588,"[271.0, 330.0, 663.0, 894.0]"
319,0,0,3.6405935287475586,"[729.0, 66.0, 847.0, 237.0]"
320,0,0,2.83186674118042,"[134.0, 64.0, 290.0, 306.0]"
321,1,0,3.205686092376709,"[531.0, 111.0, 889.0, 542.0]"
322,0,0,3.363294839859009,"[370.0, 64.0, 538.0, 336.0]"
323,1,0,3.1864418983459473,"[254.0, 116.0, 448.0, 416.0]"
324,1,0,3.6397242546081543,"[532.0, 51.0, 649.0, 234.0]"
325,0,0,3.295647144317627,"[431.0, 184.0, 675.0, 554.0]"
326,0,0,3.5368051528930664,"[393.0, 204.0, 660.0, 564.0]"
327,0,0,2.927886724472046,"[562.0, 120.0, 804.0, 442.0]"
328,0,0,3.5465593338012695,"[526.0, 81.0, 649.0, 231.0]"
329,0,0,3.0038113594055176,"[294.0, 104.0, 484.0, 366.0]"
330,0,0,3.0941786766052246,"[286.0, 96.0, 486.0, 424.0]"
331,0,0,3.0436506271362305,"[322.0, 42.0, 402.0, 158.0]"
332,0,0,3.0391108989715576,"[432.0, 80.0, 756.0, 568.0]"
333,0,0,3.1712839603424072,"[376.0, 50.0, 522.0, 258.0]"
334,0,0,3.114508628845215,"[590.0, 170.0, 664.0, 252.0]"
335,0,0,3.4976840019226074,"[353.0, 122.0, 495.0, 330.0]"
336,0,0,3.131251096725464,"[576.0, 92.0, 684.0, 284.0]"
337,0,0,3.150963544845581,"[392.0, 232.0, 456.0, 308.0]"
338,0,0,3.5539774894714355,"[334.0, 208.0, 742.0, 750.0]"
339,0,0,2.8821160793304443,"[360.0, 14.0, 654.0, 428.0]"
340,1,0,3.0919575691223145,"[466.0, 40.0, 602.0, 244.0]"
341,0,0,3.50234055519104,"[310.0, 246.0, 513.0, 519.0]"
342,1,0,2.950650453567505,"[308.0, 60.0, 622.0, 490.0]"
343,0,0,3.444221258163452,"[535.0, 261.0, 631.0, 393.0]"
344,0,0,2.9911327362060547,"[594.0, 96.0, 896.0, 506.0]"
345,0,0,3.139425039291382,"[392.0, 134.0, 768.0, 600.0]"
346,0,0,3.25544810295105,"[464.0, 142.0, 536.0, 238.0]"
347,0,0,3.1588754653930664,"[378.0, 36.0, 542.0, 302.0]"
348,0,0,3.2344913482666016,"[388.0, 104.0, 604.0, 388.0]"
349,0,0,3.0950469970703125,"[270.0, 146.0, 402.0, 336.0]"
350,0,0,3.2880730628967285,"[610.0, 167.0, 812.0, 433.0]"
351,0,0,3.654099702835083,"[284.0, 141.0, 752.0, 861.0]"
352,0,0,3.4977915287017822,"[506.0, 220.0, 650.0, 504.0]"
353,0,0,3.4963884353637695,"[350.0, 116.0, 420.0, 162.0]"
354,0,0,2.869807243347168,"[838.0, 264.0, 898.0, 332.0]"
355,0,0,2.8327722549438477,"[398.0, 6.0, 636.0, 288.0]"
356,0,0,2.9167068004608154,"[546.0, 50.0, 654.0, 234.0]"
357,0,0,2.955425977706909,"[344.0, 60.0, 474.0, 254.0]"
358,0,0,3.37617564201355,"[414.0, 236.0, 576.0, 462.0]"
359,1,0,2.9528188705444336,"[478.0, 107.0, 515.0, 153.0]"
360,0,0,2.975407123565674,"[560.0, 72.0, 834.0, 448.0]"
361,0,0,3.141875982284546,"[360.0, 128.0, 632.0, 554.0]"
362,0,0,3.0920281410217285,"[316.0, 46.0, 620.0, 488.0]"
363,1,0,3.540144920349121,"[312.0, 312.0, 801.0, 952.0]"
364,0,0,3.565340280532837,"[506.0, 120.0, 614.0, 273.0]"
365,0,0,3.2857649326324463,"[420.0, 252.0, 624.0, 540.0]"
366,0,0,3.0492987632751465,"[186.0, 216.0, 396.0, 384.0]"
367,0,0,3.793334484100342,"[249.0, 319.0, 704.0, 944.0]"
368,0,0,3.117305278778076,"[544.0, 46.0, 900.0, 474.0]"
369,0,0,2.916165351867676,"[562.0, 178.0, 676.0, 308.0]"
370,0,0,3.620493173599243,"[451.0, 451.0, 598.0, 665.0]"
371,0,0,3.0315496921539307,"[524.0, 160.0, 696.0, 396.0]"
372,0,0,3.0063929557800293,"[482.0, 216.0, 636.0, 414.0]"
373,0,0,3.0191030502319336,"[358.0, 100.0, 410.0, 180.0]"
374,0,0,3.133333683013916,"[230.0, 6.0, 878.0, 740.0]"
375,0,0,3.622041940689087,"[246.0, 206.0, 595.0, 705.0]"
376,0,0,3.610460042953491,"[348.0, 185.0, 709.0, 621.0]"
377,0,0,3.541327714920044,"[325.0, 240.0, 769.0, 902.0]"
378,0,0,3.2102620601654053,"[312.0, 220.0, 656.0, 574.0]"
379,0,0,3.1945858001708984,"[378.0, 118.0, 624.0, 490.0]"
380,0,0,3.190835475921631,"[456.0, 136.0, 756.0, 594.0]"
381,0,0,3.262848138809204,"[356.0, 102.0, 492.0, 298.0]"
382,0,0,3.0407590866088867,"[468.0, 92.0, 550.0, 206.0]"
383,0,0,3.027022123336792,"[518.0, 82.0, 674.0, 318.0]"
384,0,0,3.0458197593688965,"[418.0, 104.0, 604.0, 372.0]"
385,0,0,3.0245933532714844,"[390.0, 80.0, 542.0, 296.0]"
386,0,0,3.5401554107666016,"[462.0, 174.0, 597.0, 377.0]"
387,1,0,3.1702868938446045,"[482.0, 98.0, 574.0, 214.0]"
388,0,0,3.0655901432037354,"[254.0, 18.0, 546.0, 438.0]"
389,0,0,3.168403387069702,"[480.0, 226.0, 558.0, 332.0]"
390,0,0,3.556234836578369,"[325.0, 205.0, 674.0, 681.0]"
391,0,0,3.103424549102783,"[668.0, 210.0, 764.0, 356.0]"
392,1,0,3.049553155899048,"[358.0, 4.0, 858.0, 702.0]"
393,0,1,3.5319366455078125,"[651.0, 557.0, 801.0, 694.0]"
394,0,0,3.577885627746582,"[267.0, 318.0, 699.0, 925.0]"
395,0,0,3.151982069015503,"[159.0, 369.0, 219.0, 459.0]"
396,0,0,3.0457959175109863,"[314.0, 110.0, 392.0, 226.0]"
397,0,0,3.246185302734375,"[580.0, 54.0, 694.0, 210.0]"
398,1,0,3.053222179412842,"[502.0, 104.0, 696.0, 358.0]"
399,0,0,3.3259851932525635,"[256.0, 180.0, 811.0, 931.0]"
400,0,0,2.868237257003784,"[424.0, 30.0, 498.0, 138.0]"
401,1,0,3.4145660400390625,"[764.0, 242.0, 864.0, 408.0]"
402,0,0,2.995866537094116,"[334.0, 94.0, 574.0, 422.0]"
403,0,0,3.490459680557251,"[563.0, 338.0, 743.0, 584.0]"
404,0,0,2.915113687515259,"[354.0, 94.0, 464.0, 226.0]"
405,0,0,3.364983558654785,"[32.0, 108.0, 594.0, 883.0]"
406,1,0,3.496882677078247,"[518.0, 152.0, 598.0, 278.0]"
407,0,0,3.127091884613037,"[440.0, 62.0, 558.0, 242.0]"
408,0,0,2.9428393840789795,"[584.0, 106.0, 748.0, 356.0]"
409,0,0,2.9462573528289795,"[414.0, 144.0, 570.0, 388.0]"
410,0,0,3.5047221183776855,"[313.0, 475.0, 782.0, 1054.0]"
411,0,0,3.0601279735565186,"[508.0, 143.0, 550.0, 199.0]"
412,0,0,3.0697824954986572,"[510.0, 80.0, 644.0, 278.0]"
413,1,0,2.8281219005584717,"[278.0, 24.0, 400.0, 198.0]"
414,0,0,3.550693988800049,"[456.0, 88.0, 744.0, 464.0]"
415,1,0,3.432054042816162,"[266.0, 152.0, 710.0, 774.0]"
416,0,2,3.3926072120666504,"[370.0, 2.0, 666.0, 398.0]"
417,0,0,3.0933969020843506,"[452.0, 12.0, 924.0, 656.0]"
418,0,0,2.912250280380249,"[476.0, 52.0, 684.0, 342.0]"
419,0,0,3.1294615268707275,"[172.0, 372.0, 240.0, 438.0]"
420,0,0,3.0744521617889404,"[720.0, 158.0, 818.0, 332.0]"
421,1,0,3.5020108222961426,"[479.0, 724.0, 542.0, 821.0]"
422,1,0,3.2181549072265625,"[456.0, 102.0, 570.0, 270.0]"
423,0,0,2.9219415187835693,"[614.0, 122.0, 676.0, 222.0]"
424,1,0,3.216675043106079,"[88.0, 90.0, 404.0, 590.0]"
425,0,0,3.0819244384765625,"[520.0, 54.0, 736.0, 368.0]"
426,0,0,3.0890438556671143,"[6.0, 0.0, 666.0, 686.0]"
427,0,0,3.5193209648132324,"[414.0, 168.0, 543.0, 354.0]"
428,0,0,3.614081382751465,"[9.0, 102.0, 752.0, 1030.0]"
429,0,0,3.1598730087280273,"[416.0, 128.0, 646.0, 456.0]"
430,0,0,2.946591377258301,"[534.0, 50.0, 754.0, 402.0]"
431,0,0,3.2918810844421387,"[616.0, 118.0, 732.0, 280.0]"
432,0,0,3.2525012493133545,"[422.0, 174.0, 584.0, 420.0]"
433,0,1,3.0991697311401367,"[234.0, 76.0, 728.0, 490.0]"
434,1,0,3.6600794792175293,"[466.0, 51.0, 603.0, 252.0]"
435,0,0,2.9458043575286865,"[302.0, 86.0, 538.0, 450.0]"
436,0,0,3.2767140865325928,"[254.0, 246.0, 404.0, 430.0]"
437,0,0,3.486654043197632,"[430.0, 221.0, 579.0, 418.0]"
438,0,0,3.190521717071533,"[780.0, 169.0, 818.0, 195.0]"
439,0,0,3.0567967891693115,"[322.0, 84.0, 386.0, 164.0]"
440,0,0,3.0039148330688477,"[436.0, 128.0, 602.0, 382.0]"
441,0,0,3.55302357673645,"[321.0, 153.0, 696.0, 645.0]"
442,0,0,3.0095067024230957,"[306.0, 104.0, 486.0, 358.0]"
443,0,0,3.6202900409698486,"[279.0, 498.0, 384.0, 696.0]"
444,0,0,2.9557697772979736,"[350.0, 32.0, 748.0, 570.0]"
445,0,0,3.251824378967285,"[590.0, 103.0, 644.0, 176.0]"
446,0,0,3.1107022762298584,"[312.0, 68.0, 424.0, 244.0]"
447,0,0,3.601869583129883,"[410.0, 253.0, 603.0, 539.0]"
448,0,0,3.5222809314727783,"[486.0, 144.0, 600.0, 288.0]"
449,0,0,3.0048062801361084,"[300.0, 90.0, 416.0, 242.0]"
450,0,0,3.0647315979003906,"[604.0, 98.0, 704.0, 240.0]"
451,0,0,2.953213930130005,"[464.0, 82.0, 656.0, 338.0]"
452,0,0,3.4459316730499268,"[480.0, 174.0, 680.0, 478.0]"
453,0,0,2.9943110942840576,"[512.0, 94.0, 772.0, 508.0]"
454,0,0,3.052788734436035,"[568.0, 42.0, 638.0, 144.0]"
455,0,0,3.061511278152466,"[600.0, 68.0, 676.0, 210.0]"
456,0,0,3.0325863361358643,"[256.0, 60.0, 428.0, 316.0]"
457,0,0,3.2715301513671875,"[378.0, 116.0, 604.0, 406.0]"
458,0,0,3.2591307163238525,"[364.0, 77.0, 527.0, 294.0]"
459,0,0,3.6049065589904785,"[307.0, 280.0, 750.0, 925.0]"
460,0,0,3.4175198078155518,"[327.0, 207.0, 645.0, 630.0]"
461,0,0,3.6194140911102295,"[260.0, 72.0, 515.0, 413.0]"
462,0,0,3.283447265625,"[434.0, 132.0, 718.0, 564.0]"
463,0,0,3.531874179840088,"[476.0, 175.0, 600.0, 374.0]"
464,0,0,2.957383632659912,"[476.0, 84.0, 608.0, 268.0]"
465,0,0,2.9245145320892334,"[118.0, 346.0, 180.0, 430.0]"
466,0,0,3.5540759563446045,"[441.0, 171.0, 555.0, 336.0]"
467,0,0,3.178704261779785,"[404.0, 296.0, 510.0, 392.0]"
468,0,0,2.9025118350982666,"[692.0, 16.0, 834.0, 292.0]"
469,0,0,2.9658305644989014,"[444.0, 106.0, 614.0, 336.0]"
470,0,0,3.01310133934021,"[382.0, 8.0, 856.0, 564.0]"
471,0,0,3.6838462352752686,"[343.0, 686.0, 421.0, 761.0]"
472,0,0,3.0212278366088867,"[424.0, 58.0, 776.0, 524.0]"
473,0,0,3.282193660736084,"[410.0, 321.0, 618.0, 614.0]"
474,0,0,3.062518358230591,"[310.0, 26.0, 680.0, 442.0]"
475,0,0,3.513301372528076,"[189.0, 405.0, 778.0, 1222.0]"
476,0,0,3.2920022010803223,"[406.0, 82.0, 604.0, 350.0]"
477,0,0,3.6139588356018066,"[419.0, 212.0, 751.0, 690.0]"
478,0,0,2.9863693714141846,"[430.0, 80.0, 622.0, 362.0]"
479,1,0,3.3120365142822266,"[386.0, 28.0, 804.0, 668.0]"
480,0,0,2.993913412094116,"[262.0, 22.0, 570.0, 480.0]"
481,0,0,3.5195462703704834,"[430.0, 246.0, 476.0, 276.0]"
482,0,0,3.5113308429718018,"[335.0, 127.0, 495.0, 358.0]"
483,0,0,3.114292860031128,"[452.0, 142.0, 510.0, 222.0]"
484,0,0,3.029906749725342,"[320.0, 80.0, 620.0, 450.0]"
485,0,0,3.183640241622925,"[314.0, 216.0, 614.0, 622.0]"
486,0,0,2.9641354084014893,"[292.0, 32.0, 598.0, 428.0]"
487,0,0,3.0308070182800293,"[310.0, 78.0, 592.0, 456.0]"
488,0,0,3.109266519546509,"[350.0, 8.0, 812.0, 654.0]"
489,0,0,3.7225372791290283,"[451.0, 64.0, 712.0, 467.0]"
490,0,0,3.17792010307312,"[268.0, 210.0, 366.0, 354.0]"
491,0,0,3.1474101543426514,"[184.0, 6.0, 502.0, 434.0]"
492,0,0,3.0729339122772217,"[542.0, 218.0, 672.0, 426.0]"
493,1,0,3.083970069885254,"[598.0, 74.0, 700.0, 222.0]"
494,0,0,3.305192708969116,"[406.0, 122.0, 737.0, 583.0]"
495,0,0,2.9498658180236816,"[280.0, 112.0, 374.0, 264.0]"
496,0,0,3.5000271797180176,"[189.0, 267.0, 697.0, 937.0]"
497,0,0,3.596893787384033,"[368.0, 83.0, 651.0, 558.0]"
498,1,0,3.0263116359710693,"[272.0, 112.0, 430.0, 302.0]"
499,0,0,3.426091194152832,"[388.0, 128.0, 561.0, 361.0]"
500,1,0,2.834575891494751,"[428.0, 70.0, 568.0, 238.0]"
501,0,0,3.0560195446014404,"[476.0, 116.0, 664.0, 388.0]"
502,0,0,3.477696180343628,"[480.0, 80.0, 600.0, 264.0]"
503,0,0,3.0721182823181152,"[208.0, 156.0, 326.0, 316.0]"
504,0,1,3.099945306777954,"[490.0, 210.0, 734.0, 548.0]"
505,0,0,3.5665669441223145,"[351.0, 98.0, 595.0, 461.0]"
506,0,0,2.9473721981048584,"[380.0, 30.0, 448.0, 108.0]"
507,0,0,2.9597976207733154,"[372.0, 2.0, 798.0, 542.0]"
508,0,0,3.3394453525543213,"[429.0, 211.0, 646.0, 527.0]"
509,0,0,3.402036190032959,"[420.0, 466.0, 668.0, 840.0]"
510,0,0,3.065572738647461,"[176.0, 10.0, 566.0, 442.0]"
511,1,0,2.8897085189819336,"[556.0, 64.0, 742.0, 320.0]"
512,0,2,2.9896864891052246,"[558.0, 108.0, 680.0, 234.0]"
513,0,0,3.439953088760376,"[337.0, 296.0, 425.0, 407.0]"
514,0,0,3.220999240875244,"[542.0, 260.0, 566.0, 287.0]"
515,0,0,3.4695799350738525,"[455.0, 220.0, 705.0, 612.0]"
516,0,1,3.1014204025268555,"[402.0, 228.0, 454.0, 292.0]"
517,1,0,3.135033369064331,"[161.0, 190.0, 208.0, 268.0]"
518,0,0,3.64700984954834,"[318.0, 168.0, 753.0, 793.0]"
519,1,0,3.2109854221343994,"[746.0, 158.0, 862.0, 316.0]"
520,0,0,3.521184206008911,"[589.0, 263.0, 690.0, 392.0]"
521,0,0,3.497290849685669,"[165.0, 300.0, 748.0, 1021.0]"
522,1,0,3.111234664916992,"[598.0, 70.0, 718.0, 262.0]"
523,0,0,3.224391460418701,"[441.0, 327.0, 464.0, 364.0]"
524,0,0,3.5035078525543213,"[350.0, 325.0, 725.0, 797.0]"
525,0,0,3.5531396865844727,"[320.0, 275.0, 672.0, 779.0]"
526,0,0,3.4778177738189697,"[517.0, 174.0, 620.0, 318.0]"
527,0,0,3.707880973815918,"[666.0, 286.0, 756.0, 425.0]"
528,0,0,3.5605030059814453,"[476.0, 1133.0, 532.0, 1222.0]"
529,0,0,3.0926313400268555,"[270.0, 84.0, 336.0, 210.0]"
530,0,0,3.1188840866088867,"[482.0, 298.0, 604.0, 444.0]"
531,0,0,3.0086350440979004,"[446.0, 96.0, 622.0, 326.0]"
532,0,0,2.9922266006469727,"[567.0, 218.0, 621.0, 292.0]"
533,1,0,3.085123300552368,"[324.0, 110.0, 510.0, 382.0]"
534,0,0,3.5560407638549805,"[328.0, 202.0, 726.0, 720.0]"
535,0,0,3.0847458839416504,"[328.0, 246.0, 542.0, 620.0]"
536,0,0,3.7244327068328857,"[84.0, 553.0, 233.0, 671.0]"
537,0,0,2.9955615997314453,"[662.0, 46.0, 926.0, 394.0]"
538,0,0,3.1043343544006348,"[334.0, 18.0, 704.0, 476.0]"
539,0,0,3.4929451942443848,"[442.0, 113.0, 655.0, 451.0]"
540,0,0,3.103511095046997,"[454.0, 220.0, 818.0, 684.0]"
541,1,0,3.2235796451568604,"[470.0, 298.0, 690.0, 556.0]"
542,0,0,3.12440824508667,"[208.0, 48.0, 292.0, 158.0]"
543,0,0,3.0952179431915283,"[430.0, 230.0, 528.0, 352.0]"
544,0,0,3.5738048553466797,"[480.0, 653.0, 544.0, 728.0]"
545,0,2,3.082712411880493,"[492.0, 272.0, 568.0, 398.0]"
546,0,2,3.1671817302703857,"[640.0, 481.0, 686.0, 540.0]"
547,0,1,2.9843924045562744,"[448.0, 106.0, 594.0, 326.0]"
548,0,0,2.970308780670166,"[432.0, 120.0, 558.0, 298.0]"
549,0,0,3.2138760089874268,"[410.0, 134.0, 580.0, 398.0]"
550,0,0,3.2218780517578125,"[634.0, 144.0, 880.0, 518.0]"
551,0,0,3.6054604053497314,"[293.0, 383.0, 706.0, 967.0]"
552,0,1,2.9890363216400146,"[282.0, 158.0, 510.0, 508.0]"
553,0,0,3.186772584915161,"[818.0, 204.0, 916.0, 366.0]"
554,0,0,3.2422680854797363,"[592.0, 270.0, 682.0, 384.0]"
555,0,0,3.0137176513671875,"[168.0, 128.0, 356.0, 426.0]"
556,0,0,3.6276919841766357,"[51.0, 21.0, 936.0, 1253.0]"
557,0,0,3.0969386100769043,"[266.0, 278.0, 354.0, 420.0]"
558,0,0,3.032116413116455,"[676.0, 192.0, 782.0, 282.0]"
559,0,0,3.144510269165039,"[528.0, 380.0, 562.0, 409.0]"
560,0,0,3.495501756668091,"[404.0, 78.0, 603.0, 340.0]"
561,0,0,3.4496002197265625,"[199.0, 215.0, 852.0, 1210.0]"
562,0,0,3.341498374938965,"[429.0, 234.0, 611.0, 509.0]"
563,0,0,3.045776844024658,"[354.0, 78.0, 660.0, 490.0]"
564,0,0,3.69581937789917,"[207.0, 219.0, 727.0, 856.0]"
565,0,0,3.6605770587921143,"[258.0, 336.0, 690.0, 928.0]"
566,0,0,3.476492404937744,"[235.0, 109.0, 525.0, 507.0]"
567,0,0,3.572967767715454,"[390.0, 183.0, 658.0, 541.0]"
568,0,0,3.660270929336548,"[435.0, 207.0, 537.0, 354.0]"
569,0,0,3.466897964477539,"[330.0, 120.0, 750.0, 658.0]"
570,0,0,3.5524797439575195,"[249.0, 285.0, 375.0, 483.0]"
571,0,0,2.9785139560699463,"[422.0, 144.0, 602.0, 376.0]"
572,0,0,3.4272196292877197,"[413.0, 131.0, 617.0, 457.0]"
573,0,0,3.566850423812866,"[351.0, 204.0, 702.0, 693.0]"
574,0,0,3.49639630317688,"[405.0, 243.0, 537.0, 441.0]"
575,0,0,3.3794267177581787,"[516.0, 86.0, 716.0, 374.0]"
576,0,0,3.646024227142334,"[404.0, 283.0, 645.0, 620.0]"
577,0,0,3.4790401458740234,"[430.0, 163.0, 662.0, 522.0]"
578,0,0,3.4765114784240723,"[491.0, 108.0, 609.0, 293.0]"
579,0,0,3.4906601905822754,"[349.0, 130.0, 608.0, 549.0]"
580,0,0,3.4320383071899414,"[295.0, 149.0, 609.0, 600.0]"
581,0,0,3.6572084426879883,"[230.0, 230.0, 640.0, 796.0]"
582,0,0,3.3195436000823975,"[454.0, 152.0, 619.0, 394.0]"
583,0,0,3.5160505771636963,"[180.0, 300.0, 829.0, 1162.0]"
584,0,0,3.3689229488372803,"[351.0, 165.0, 429.0, 345.0]"
585,0,0,3.3550026416778564,"[612.0, 109.0, 892.0, 474.0]"
586,0,0,3.4211604595184326,"[459.0, 111.0, 570.0, 264.0]"
587,0,0,3.4578230381011963,"[504.0, 183.0, 633.0, 348.0]"
588,0,0,3.375495672225952,"[434.0, 226.0, 591.0, 452.0]"
589,0,0,3.614452600479126,"[432.0, 150.0, 694.0, 538.0]"
590,0,0,3.4293761253356934,"[295.0, 177.0, 711.0, 835.0]"
591,0,0,3.3691956996917725,"[471.0, 279.0, 642.0, 474.0]"
592,0,0,3.400209426879883,"[392.0, 229.0, 688.0, 650.0]"
593,0,0,3.588559150695801,"[326.0, 215.0, 678.0, 680.0]"
594,0,0,3.600198745727539,"[410.0, 120.0, 521.0, 295.0]"
595,0,0,3.3411974906921387,"[399.0, 159.0, 603.0, 441.0]"
596,0,0,3.4752156734466553,"[438.0, 113.0, 634.0, 393.0]"
597,0,0,3.4564151763916016,"[366.0, 211.0, 644.0, 575.0]"
598,0,0,3.455516815185547,"[351.0, 130.0, 590.0, 489.0]"
599,0,0,3.471329689025879,"[422.0, 142.0, 606.0, 383.0]"
600,0,0,3.0900216102600098,"[408.0, 68.0, 564.0, 288.0]"
601,1,0,3.375514030456543,"[302.0, 248.0, 477.0, 507.0]"
602,0,0,3.0453062057495117,"[356.0, 88.0, 584.0, 390.0]"
603,0,0,3.4091296195983887,"[396.0, 225.0, 702.0, 639.0]"
604,0,0,3.4284117221832275,"[303.0, 129.0, 671.0, 632.0]"
605,0,0,3.4636316299438477,"[327.0, 171.0, 777.0, 817.0]"
606,0,0,3.1563515663146973,"[304.0, 240.0, 470.0, 474.0]"
607,0,0,3.610646963119507,"[449.0, 220.0, 560.0, 386.0]"
608,0,0,3.3881521224975586,"[281.0, 100.0, 572.0, 542.0]"
609,0,0,3.477480888366699,"[301.0, 281.0, 729.0, 848.0]"
610,0,0,3.4715640544891357,"[495.0, 90.0, 630.0, 285.0]"
611,0,0,3.5184617042541504,"[210.0, 273.0, 606.0, 895.0]"
612,0,0,3.324937105178833,"[414.0, 218.0, 610.0, 459.0]"
613,0,0,3.693406581878662,"[441.0, 153.0, 660.0, 483.0]"
614,0,0,3.401059627532959,"[277.0, 245.0, 655.0, 782.0]"
615,0,0,3.6111457347869873,"[497.0, 109.0, 659.0, 368.0]"
616,0,0,3.488516092300415,"[277.0, 173.0, 510.0, 491.0]"
617,0,0,3.554004669189453,"[414.0, 245.0, 781.0, 761.0]"
618,0,0,3.5055899620056152,"[361.0, 122.0, 608.0, 486.0]"
619,0,0,3.4768457412719727,"[468.0, 105.0, 864.0, 649.0]"
620,0,0,3.644254446029663,"[302.0, 220.0, 690.0, 719.0]"
621,0,0,3.538280963897705,"[270.0, 279.0, 844.0, 994.0]"
622,0,0,3.5601658821105957,"[230.0, 115.0, 578.0, 627.0]"
623,0,0,3.513489007949829,"[355.0, 223.0, 662.0, 657.0]"
624,0,0,3.5509355068206787,"[299.0, 196.0, 684.0, 719.0]"
625,0,0,3.6565911769866943,"[280.0, 228.0, 672.0, 759.0]"
626,0,0,3.5665416717529297,"[315.0, 240.0, 693.0, 699.0]"
627,0,0,3.5242228507995605,"[501.0, 230.0, 637.0, 417.0]"
628,0,0,3.543301820755005,"[399.0, 221.0, 526.0, 360.0]"
629,0,0,3.4338247776031494,"[392.0, 114.0, 624.0, 469.0]"
630,0,0,3.5164742469787598,"[345.0, 192.0, 633.0, 591.0]"
631,0,0,3.529749631881714,"[295.0, 228.0, 745.0, 812.0]"
632,0,0,3.4417333602905273,"[501.0, 99.0, 645.0, 288.0]"
633,0,0,3.4974586963653564,"[474.0, 75.0, 612.0, 255.0]"
634,0,0,3.426823616027832,"[219.0, 366.0, 868.0, 1183.0]"
635,0,0,3.309969186782837,"[375.0, 85.0, 587.0, 413.0]"
636,0,0,3.3981425762176514,"[352.0, 145.0, 608.0, 527.0]"
637,0,0,3.596268892288208,"[379.0, 274.0, 701.0, 684.0]"
638,0,0,3.4624621868133545,"[462.0, 254.0, 577.0, 405.0]"
639,0,0,3.1418933868408203,"[476.0, 218.0, 580.0, 360.0]"
640,0,0,3.5852372646331787,"[365.0, 203.0, 624.0, 562.0]"
641,0,0,3.5946714878082275,"[551.0, 117.0, 659.0, 316.0]"
642,0,0,3.352365255355835,"[429.0, 159.0, 570.0, 366.0]"
643,0,0,3.430072546005249,"[382.0, 218.0, 645.0, 594.0]"
644,0,0,3.3612046241760254,"[367.0, 120.0, 599.0, 463.0]"
645,0,0,3.514892101287842,"[413.0, 280.0, 524.0, 443.0]"
646,0,0,3.5252552032470703,"[370.0, 187.0, 575.0, 467.0]"
647,0,0,3.4005937576293945,"[228.0, 138.0, 770.0, 956.0]"
648,0,0,3.013319492340088,"[386.0, 80.0, 740.0, 608.0]"
649,0,0,3.039944648742676,"[562.0, 76.0, 676.0, 228.0]"
650,0,0,3.524965286254883,"[406.0, 157.0, 644.0, 462.0]"
651,0,0,3.519526481628418,"[395.0, 283.0, 570.0, 497.0]"
652,0,0,3.5628232955932617,"[498.0, 251.0, 601.0, 396.0]"
653,0,0,3.5564653873443604,"[482.0, 166.0, 608.0, 350.0]"
654,0,0,3.2551181316375732,"[476.0, 188.0, 626.0, 402.0]"
655,0,0,3.380876064300537,"[453.0, 153.0, 564.0, 324.0]"
656,0,0,3.297459840774536,"[348.0, 249.0, 527.0, 498.0]"
657,0,0,3.5704829692840576,"[347.0, 266.0, 726.0, 771.0]"
658,0,0,3.4891464710235596,"[343.0, 268.0, 825.0, 955.0]"
659,0,1,3.550272226333618,"[323.0, 231.0, 724.0, 793.0]"
660,0,0,3.572309732437134,"[272.0, 330.0, 738.0, 969.0]"
661,0,0,3.448457956314087,"[441.0, 87.0, 570.0, 261.0]"
662,0,0,3.6695168018341064,"[267.0, 99.0, 808.0, 949.0]"
663,0,0,3.473050117492676,"[303.0, 170.0, 752.0, 786.0]"
664,0,0,3.379715919494629,"[515.0, 165.0, 623.0, 303.0]"
665,0,0,3.430518627166748,"[379.0, 152.0, 712.0, 611.0]"
666,0,0,3.3600516319274902,"[474.0, 90.0, 579.0, 264.0]"
667,0,0,3.4786930084228516,"[446.0, 184.0, 624.0, 434.0]"
668,0,0,3.577700138092041,"[419.0, 123.0, 561.0, 334.0]"
669,0,0,3.664198160171509,"[315.0, 161.0, 569.0, 494.0]"
670,0,0,3.46026873588562,"[435.0, 190.0, 820.0, 709.0]"
671,0,0,3.23649263381958,"[204.0, 94.0, 562.0, 590.0]"
672,0,0,3.4871041774749756,"[410.0, 108.0, 607.0, 421.0]"
673,0,0,3.461236000061035,"[562.0, 126.0, 724.0, 372.0]"
674,0,0,3.3793771266937256,"[570.0, 70.0, 726.0, 294.0]"
675,0,0,3.6346395015716553,"[338.0, 113.0, 757.0, 700.0]"
676,0,0,3.3472659587860107,"[450.0, 147.0, 627.0, 375.0]"
677,1,0,3.0051004886627197,"[473.0, 112.0, 501.0, 151.0]"
678,0,1,3.2770142555236816,"[687.0, 130.0, 847.0, 314.0]"
679,0,0,3.1964986324310303,"[498.0, 186.0, 574.0, 298.0]"
680,0,0,3.465540647506714,"[462.0, 150.0, 629.0, 342.0]"
681,0,0,3.0631067752838135,"[450.0, 214.0, 616.0, 372.0]"
682,0,0,3.1340277194976807,"[590.0, 330.0, 676.0, 446.0]"
683,0,2,3.5722146034240723,"[378.0, 322.0, 514.0, 500.0]"
684,0,0,3.7599167823791504,"[455.0, 108.0, 627.0, 352.0]"
685,0,0,3.301712989807129,"[592.0, 200.0, 682.0, 312.0]"
686,0,0,2.952526807785034,"[444.0, 102.0, 592.0, 282.0]"
687,0,0,3.737405776977539,"[510.0, 149.0, 621.0, 336.0]"
688,0,0,3.415830135345459,"[410.0, 260.0, 685.0, 574.0]"
689,0,0,3.4851696491241455,"[475.0, 152.0, 585.0, 298.0]"
690,0,0,3.407193183898926,"[457.0, 257.0, 639.0, 517.0]"
691,0,1,3.512246608734131,"[331.0, 215.0, 761.0, 740.0]"
692,0,0,3.587538957595825,"[467.0, 214.0, 603.0, 382.0]"
693,0,0,3.114926338195801,"[328.0, 54.0, 396.0, 174.0]"
694,0,0,3.1542654037475586,"[540.0, 206.0, 686.0, 382.0]"
695,0,0,3.577655076980591,"[438.0, 191.0, 727.0, 587.0]"
696,0,2,2.9771125316619873,"[570.0, 222.0, 686.0, 368.0]"
697,0,0,3.7989814281463623,"[426.0, 252.0, 672.0, 612.0]"
698,0,0,3.2011752128601074,"[430.0, 204.0, 498.0, 272.0]"
699,0,0,3.1042537689208984,"[352.0, 2.0, 640.0, 446.0]"
700,0,0,3.310457229614258,"[438.0, 156.0, 642.0, 408.0]"
701,0,0,3.389612913131714,"[428.0, 128.0, 704.0, 546.0]"
702,0,0,3.31968355178833,"[449.0, 130.0, 611.0, 347.0]"
703,0,0,2.9574081897735596,"[464.0, 148.0, 638.0, 372.0]"
704,0,1,3.3208861351013184,"[438.0, 111.0, 624.0, 404.0]"
705,0,0,3.499241352081299,"[448.0, 194.0, 540.0, 312.0]"
706,0,0,3.506648540496826,"[692.0, 310.0, 774.0, 430.0]"
707,0,0,3.1237759590148926,"[346.0, 176.0, 616.0, 550.0]"
708,0,0,3.0317466259002686,"[560.0, 242.0, 632.0, 352.0]"
709,0,0,3.381865978240967,"[56.0, 185.0, 677.0, 1047.0]"
710,1,0,3.6335701942443848,"[415.0, 208.0, 535.0, 377.0]"
711,0,0,2.966381788253784,"[366.0, 112.0, 672.0, 530.0]"
712,0,0,2.8832738399505615,"[242.0, 0.0, 734.0, 648.0]"
713,0,0,3.3487002849578857,"[443.0, 406.0, 786.0, 877.0]"
714,0,0,3.283778667449951,"[392.0, 258.0, 744.0, 758.0]"
715,0,0,3.535435914993286,"[310.0, 171.0, 672.0, 717.0]"
716,0,0,3.333052635192871,"[380.0, 159.0, 620.0, 449.0]"
717,0,0,3.044461727142334,"[110.0, 108.0, 320.0, 348.0]"
718,0,2,3.419092893600464,"[294.0, 235.0, 639.0, 574.0]"
719,0,0,3.51733136177063,"[259.0, 225.0, 440.0, 508.0]"
720,0,0,3.4731812477111816,"[425.0, 148.0, 645.0, 515.0]"
721,0,0,3.4794249534606934,"[438.0, 610.0, 573.0, 781.0]"
722,0,0,3.0772604942321777,"[130.0, 80.0, 292.0, 222.0]"
723,0,0,3.1152310371398926,"[416.0, 154.0, 548.0, 342.0]"
724,0,0,3.4416563510894775,"[338.0, 121.0, 667.0, 544.0]"
725,0,0,2.9379661083221436,"[368.0, 64.0, 616.0, 408.0]"
726,0,0,3.142296314239502,"[494.0, 190.0, 674.0, 420.0]"
727,0,0,3.1185719966888428,"[254.0, 186.0, 400.0, 388.0]"
728,0,0,3.098015546798706,"[406.0, 76.0, 554.0, 282.0]"
729,0,0,3.5541584491729736,"[286.0, 470.0, 744.0, 1096.0]"
730,0,0,3.600992202758789,"[320.0, 124.0, 543.0, 422.0]"
731,0,0,3.0965332984924316,"[430.0, 82.0, 592.0, 298.0]"
732,0,1,3.2239480018615723,"[396.0, 120.0, 640.0, 472.0]"
733,0,1,2.942934036254883,"[428.0, 42.0, 546.0, 212.0]"
734,0,0,3.1367292404174805,"[650.0, 108.0, 750.0, 246.0]"
735,0,0,3.5006463527679443,"[351.0, 186.0, 663.0, 648.0]"
736,0,0,3.5340044498443604,"[538.0, 174.0, 735.0, 418.0]"
737,0,0,3.141066312789917,"[486.0, 150.0, 588.0, 308.0]"
738,0,0,3.6941137313842773,"[408.0, 157.0, 739.0, 680.0]"
739,1,0,3.603867530822754,"[360.0, 444.0, 595.0, 765.0]"
740,0,0,3.466993808746338,"[344.0, 228.0, 560.0, 551.0]"
741,0,0,3.5362401008605957,"[425.0, 67.0, 568.0, 257.0]"
742,0,0,3.334092855453491,"[286.0, 334.0, 705.0, 939.0]"
743,0,0,3.4005236625671387,"[212.0, 350.0, 416.0, 650.0]"
744,0,1,3.1126868724823,"[442.0, 132.0, 634.0, 362.0]"
745,0,0,3.0761678218841553,"[452.0, 160.0, 534.0, 252.0]"
746,0,1,3.1250340938568115,"[272.0, 426.0, 330.0, 516.0]"
747,0,0,3.271747350692749,"[488.0, 202.0, 684.0, 482.0]"
748,0,0,3.7135064601898193,"[200.0, 176.0, 705.0, 839.0]"
749,0,0,3.297247886657715,"[367.0, 305.0, 527.0, 503.0]"
750,0,0,3.7087790966033936,"[391.0, 308.0, 560.0, 542.0]"
751,0,0,3.4412314891815186,"[190.0, 353.0, 708.0, 979.0]"
752,0,0,3.066556215286255,"[276.0, 238.0, 468.0, 476.0]"
753,0,0,3.3568694591522217,"[518.0, 174.0, 698.0, 494.0]"
754,0,0,3.206683397293091,"[542.0, 128.0, 709.0, 396.0]"
755,0,0,3.661997079849243,"[330.0, 259.0, 672.0, 678.0]"
756,0,0,3.6697328090667725,"[287.0, 90.0, 410.0, 234.0]"
757,0,0,3.3796684741973877,"[310.0, 148.0, 636.0, 480.0]"
758,0,0,2.9014673233032227,"[638.0, 64.0, 720.0, 178.0]"
759,0,0,3.4479551315307617,"[226.0, 215.0, 596.0, 701.0]"
760,0,0,3.4727585315704346,"[391.0, 99.0, 680.0, 477.0]"
761,0,0,3.587153673171997,"[436.0, 188.0, 557.0, 346.0]"
762,0,0,2.9598400592803955,"[304.0, 6.0, 730.0, 480.0]"
763,1,0,3.508718490600586,"[359.0, 205.0, 504.0, 429.0]"
764,0,0,3.4229207038879395,"[445.0, 180.0, 641.0, 448.0]"
765,0,1,3.6059014797210693,"[523.0, 125.0, 714.0, 353.0]"
766,0,0,3.0011441707611084,"[280.0, 92.0, 620.0, 530.0]"
767,0,0,3.0577218532562256,"[550.0, 216.0, 640.0, 340.0]"
768,0,0,3.559504747390747,"[497.0, 199.0, 921.0, 804.0]"
769,0,0,3.575958251953125,"[346.0, 119.0, 480.0, 314.0]"
770,0,0,3.2851216793060303,"[418.0, 16.0, 676.0, 326.0]"
771,0,0,3.6170952320098877,"[328.0, 267.0, 850.0, 972.0]"
772,0,0,3.639434576034546,"[416.0, 187.0, 668.0, 473.0]"
773,0,0,3.010925531387329,"[366.0, 82.0, 482.0, 210.0]"
774,0,0,3.0402426719665527,"[306.0, 168.0, 514.0, 464.0]"
775,0,0,3.040363073348999,"[410.0, 58.0, 608.0, 402.0]"
776,1,0,2.968318462371826,"[380.0, 58.0, 482.0, 188.0]"
777,0,0,3.052672863006592,"[306.0, 94.0, 704.0, 610.0]"
778,0,0,3.5590341091156006,"[650.0, 149.0, 816.0, 384.0]"
779,1,0,3.668658494949341,"[243.0, 158.0, 471.0, 471.0]"
780,0,1,3.0718588829040527,"[436.0, 160.0, 510.0, 252.0]"
781,0,0,2.964445114135742,"[180.0, 126.0, 468.0, 506.0]"
782,0,0,3.539128065109253,"[266.0, 234.0, 355.0, 342.0]"
783,0,0,3.5825557708740234,"[294.0, 120.0, 669.0, 585.0]"
784,0,0,3.486001968383789,"[383.0, 189.0, 479.0, 312.0]"
785,0,0,3.1228485107421875,"[380.0, 112.0, 494.0, 296.0]"
786,0,0,3.518660545349121,"[339.0, 757.0, 420.0, 856.0]"
787,0,0,3.3863723278045654,"[112.0, 72.0, 594.0, 722.0]"
788,0,0,2.970827341079712,"[480.0, 56.0, 686.0, 340.0]"
789,0,0,3.3941190242767334,"[297.0, 456.0, 697.0, 1018.0]"
790,0,0,3.45902943611145,"[178.0, 125.0, 381.0, 386.0]"
791,0,0,3.3774142265319824,"[472.0, 208.0, 606.0, 434.0]"
792,0,1,3.0932488441467285,"[792.0, 194.0, 862.0, 286.0]"
793,0,0,3.425682306289673,"[486.0, 118.0, 567.0, 290.0]"
794,0,0,3.085611581802368,"[302.0, 78.0, 504.0, 368.0]"
795,0,0,3.4394795894622803,"[481.0, 98.0, 597.0, 245.0]"
796,0,0,3.8208742141723633,"[456.0, 420.0, 652.0, 660.0]"
797,0,0,3.3833975791931152,"[263.0, 399.0, 725.0, 876.0]"
798,0,0,3.4690310955047607,"[428.0, 252.0, 699.0, 563.0]"
799,0,0,3.6666715145111084,"[470.0, 170.0, 544.0, 285.0]"
800,0,0,3.001058578491211,"[384.0, 222.0, 504.0, 342.0]"
801,0,0,3.07895565032959,"[428.0, 94.0, 670.0, 428.0]"
802,0,0,3.4129672050476074,"[89.0, 251.0, 569.0, 946.0]"
803,0,1,3.4719369411468506,"[508.0, 171.0, 700.0, 418.0]"
804,0,0,3.593388080596924,"[435.0, 384.0, 555.0, 603.0]"
805,0,2,3.3256006240844727,"[560.0, 210.0, 648.0, 302.0]"
806,0,0,3.304189682006836,"[578.0, 260.0, 778.0, 528.0]"
807,0,0,3.4002578258514404,"[546.0, 271.0, 593.0, 357.0]"
808,0,0,3.406594753265381,"[464.0, 429.0, 690.0, 728.0]"
809,0,0,3.1039021015167236,"[472.0, 107.0, 492.0, 169.0]"
810,0,0,3.451254367828369,"[444.0, 165.0, 762.0, 664.0]"
811,0,0,3.243525743484497,"[358.0, 250.0, 385.0, 288.0]"
812,0,0,3.3794679641723633,"[248.0, 75.0, 726.0, 687.0]"
813,0,1,3.047915458679199,"[720.0, 28.0, 802.0, 132.0]"
814,0,0,2.9149794578552246,"[412.0, 150.0, 652.0, 446.0]"
815,0,0,3.390608310699463,"[506.0, 508.0, 535.0, 563.0]"
816,0,0,3.06597638130188,"[665.0, 83.0, 704.0, 141.0]"
817,0,1,3.4024157524108887,"[399.0, 324.0, 543.0, 528.0]"
818,0,0,2.9931530952453613,"[416.0, 22.0, 742.0, 488.0]"
819,0,1,3.1828229427337646,"[242.0, 22.0, 718.0, 616.0]"
820,0,0,3.513765573501587,"[473.0, 554.0, 593.0, 719.0]"
821,0,0,3.2682881355285645,"[362.0, 96.0, 480.0, 254.0]"
822,0,0,2.960771083831787,"[106.0, 196.0, 200.0, 316.0]"
823,0,0,3.3305838108062744,"[314.0, 160.0, 884.0, 824.0]"
824,0,1,3.5711898803710938,"[526.0, 158.0, 639.0, 308.0]"
825,0,0,3.56145977973938,"[209.0, 161.0, 346.0, 364.0]"
826,0,1,3.0383083820343018,"[74.0, 124.0, 156.0, 232.0]"
827,0,0,2.9553589820861816,"[364.0, 66.0, 542.0, 316.0]"
828,0,0,3.395043134689331,"[617.0, 458.0, 704.0, 575.0]"
829,0,0,3.141838550567627,"[170.0, 172.0, 452.0, 478.0]"
830,0,0,2.9459221363067627,"[528.0, 104.0, 722.0, 364.0]"
831,0,0,3.4716224670410156,"[491.0, 351.0, 663.0, 584.0]"
832,0,0,3.317256450653076,"[249.0, 0.0, 279.0, 35.0]"
833,0,0,3.5044870376586914,"[617.0, 173.0, 901.0, 550.0]"
834,0,2,3.775423049926758,"[216.0, 179.0, 669.0, 846.0]"
835,0,0,3.3979556560516357,"[214.0, 14.0, 306.0, 120.0]"
836,0,0,3.161323308944702,"[194.0, 88.0, 260.0, 178.0]"
837,0,1,3.523615598678589,"[194.0, 142.0, 824.0, 1020.0]"
838,0,0,2.925157070159912,"[462.0, 252.0, 528.0, 300.0]"
839,0,0,3.1426150798797607,"[306.0, 126.0, 364.0, 208.0]"
840,0,0,3.1388559341430664,"[250.0, 122.0, 304.0, 190.0]"
841,0,0,3.395857095718384,"[484.0, 224.0, 548.0, 302.0]"
842,0,0,3.566784143447876,"[257.0, 761.0, 368.0, 921.0]"
843,0,1,3.1012113094329834,"[522.0, 184.0, 738.0, 460.0]"
844,0,0,3.1326870918273926,"[850.0, 339.0, 873.0, 366.0]"
845,0,0,3.543032646179199,"[438.0, 234.0, 603.0, 456.0]"
846,0,0,3.194507122039795,"[402.0, 146.0, 512.0, 286.0]"
847,0,0,3.074758529663086,"[888.0, 100.0, 940.0, 162.0]"
848,0,2,3.443786382675171,"[172.0, 235.0, 750.0, 925.0]"
849,0,0,3.5285704135894775,"[295.0, 328.0, 560.0, 644.0]"
850,0,0,4.323457956314087,"[352.0, 134.0, 704.0, 592.0]"
851,0,0,3.1459314823150635,"[282.0, 120.0, 660.0, 550.0]"
852,0,0,3.027801513671875,"[228.0, 160.0, 358.0, 288.0]"
853,0,0,3.1059377193450928,"[699.0, 216.0, 736.0, 262.0]"
854,0,0,3.4908409118652344,"[190.0, 75.0, 877.0, 979.0]"
855,0,0,3.083150625228882,"[0.0, 68.0, 56.0, 260.0]"
856,0,2,3.0346827507019043,"[744.0, 216.0, 882.0, 370.0]"
857,0,1,3.1252925395965576,"[269.0, 71.0, 307.0, 126.0]"
858,0,2,3.5731637477874756,"[204.0, 318.0, 880.0, 1144.0]"
859,0,0,3.5200278759002686,"[210.0, 418.0, 570.0, 869.0]"
860,0,0,3.5125937461853027,"[379.0, 181.0, 533.0, 362.0]"
861,0,0,3.4597764015197754,"[554.0, 295.0, 768.0, 617.0]"
862,0,0,3.044797897338867,"[759.0, 34.0, 782.0, 67.0]"
863,0,0,3.154728651046753,"[320.0, 118.0, 662.0, 594.0]"
864,0,0,2.9928672313690186,"[472.0, 376.0, 530.0, 424.0]"
865,0,2,3.0878796577453613,"[418.0, 108.0, 520.0, 234.0]"
866,0,2,3.0894787311553955,"[254.0, 50.0, 700.0, 664.0]"
867,0,2,3.438018798828125,"[375.0, 281.0, 432.0, 357.0]"
868,0,0,3.5374701023101807,"[290.0, 518.0, 697.0, 1003.0]"
869,0,0,3.605382204055786,"[313.0, 412.0, 397.0, 609.0]"
870,0,0,3.3297998905181885,"[272.0, 712.0, 372.0, 870.0]"
871,0,0,3.0232596397399902,"[442.0, 78.0, 584.0, 296.0]"
872,0,0,3.517754077911377,"[512.0, 154.0, 718.0, 472.0]"
873,0,0,3.4531702995300293,"[386.0, 184.0, 605.0, 487.0]"
874,0,0,3.077432155609131,"[668.0, 478.0, 766.0, 578.0]"
875,0,0,3.228563070297241,"[414.0, 106.0, 594.0, 344.0]"
876,0,0,3.518448829650879,"[166.0, 451.0, 723.0, 1114.0]"
877,0,0,3.1003756523132324,"[424.0, 150.0, 538.0, 274.0]"
878,0,2,2.9983906745910645,"[257.0, 401.0, 289.0, 436.0]"
879,0,2,3.6374704837799072,"[653.0, 440.0, 715.0, 504.0]"
880,0,0,3.227994680404663,"[372.0, 154.0, 614.0, 494.0]"
881,0,2,3.1049866676330566,"[710.0, 524.0, 749.0, 583.0]"
882,0,2,3.1380672454833984,"[366.0, 172.0, 690.0, 624.0]"
883,0,0,3.5726773738861084,"[448.0, 318.0, 590.0, 526.0]"
884,0,0,3.5678462982177734,"[164.0, 615.0, 187.0, 638.0]"
885,0,0,3.6773290634155273,"[509.0, 461.0, 706.0, 725.0]"
886,0,0,3.44758939743042,"[472.0, 750.0, 628.0, 946.0]"
887,0,1,3.107557535171509,"[628.0, 240.0, 688.0, 346.0]"
888,0,0,3.59696364402771,"[310.0, 470.0, 783.0, 1081.0]"
889,0,0,3.2825353145599365,"[324.0, 142.0, 616.0, 582.0]"
890,0,0,3.1792285442352295,"[216.0, 170.0, 364.0, 352.0]"
891,0,0,2.957596778869629,"[436.0, 64.0, 548.0, 210.0]"
892,0,0,3.5334789752960205,"[279.0, 430.0, 645.0, 866.0]"
893,0,0,3.3215057849884033,"[522.0, 369.0, 843.0, 798.0]"
894,0,0,3.5113487243652344,"[304.0, 112.0, 619.0, 573.0]"
895,0,0,3.418911933898926,"[335.0, 150.0, 591.0, 450.0]"
896,0,0,3.5141263008117676,"[407.0, 125.0, 657.0, 537.0]"
897,0,0,3.550459146499634,"[298.0, 227.0, 701.0, 691.0]"
898,0,0,3.138673782348633,"[332.0, 234.0, 444.0, 398.0]"
899,0,0,3.1136789321899414,"[198.0, 162.0, 422.0, 440.0]"
900,0,0,3.5583674907684326,"[321.0, 315.0, 744.0, 931.0]"
901,0,0,3.6259121894836426,"[407.0, 462.0, 766.0, 932.0]"
902,0,1,3.6940739154815674,"[405.0, 150.0, 648.0, 450.0]"
903,0,0,2.9587278366088867,"[232.0, 178.0, 372.0, 348.0]"
904,0,0,3.5382814407348633,"[399.0, 462.0, 549.0, 657.0]"
905,0,0,3.01229190826416,"[442.0, 32.0, 574.0, 228.0]"
906,0,1,3.530151128768921,"[427.0, 208.0, 731.0, 632.0]"
907,0,0,3.1362557411193848,"[404.0, 76.0, 754.0, 476.0]"
908,0,0,3.6538498401641846,"[304.0, 140.0, 601.0, 566.0]"
909,0,0,3.1400389671325684,"[420.0, 120.0, 598.0, 360.0]"
910,0,0,3.0688369274139404,"[228.0, 292.0, 266.0, 337.0]"
911,0,0,3.219647169113159,"[330.0, 350.0, 402.0, 436.0]"
912,0,0,3.832442283630371,"[271.0, 93.0, 791.0, 808.0]"
913,0,2,3.51308012008667,"[130.0, 232.0, 756.0, 962.0]"
914,0,0,3.6571290493011475,"[244.0, 272.0, 682.0, 848.0]"
915,0,0,3.716161012649536,"[547.0, 161.0, 807.0, 507.0]"
916,0,0,3.5713276863098145,"[459.0, 309.0, 597.0, 630.0]"
917,0,0,2.9600677490234375,"[450.0, 170.0, 495.0, 223.0]"
918,0,2,3.0278148651123047,"[416.0, 104.0, 850.0, 640.0]"
919,0,2,3.296041488647461,"[384.0, 295.0, 613.0, 601.0]"
920,0,0,3.482694149017334,"[196.0, 58.0, 694.0, 806.0]"
921,0,0,3.2437543869018555,"[696.0, 238.0, 748.0, 320.0]"
922,0,0,3.5561280250549316,"[646.0, 120.0, 838.0, 376.0]"
923,0,0,3.7355294227600098,"[317.0, 260.0, 877.0, 1068.0]"
924,0,2,3.858057737350464,"[446.0, 461.0, 614.0, 704.0]"
925,0,0,3.652676820755005,"[572.0, 128.0, 818.0, 452.0]"
926,0,0,3.5959904193878174,"[258.0, 280.0, 712.0, 898.0]"
927,0,0,3.19963002204895,"[360.0, 10.0, 786.0, 438.0]"
928,0,2,3.6947946548461914,"[375.0, 667.0, 579.0, 892.0]"
929,1,0,3.745692729949951,"[447.0, 171.0, 591.0, 360.0]"
930,0,0,3.4125163555145264,"[419.0, 337.0, 639.0, 629.0]"
931,0,2,3.679107189178467,"[430.0, 107.0, 616.0, 362.0]"
932,0,0,4.187297105789185,"[322.0, 230.0, 570.0, 576.0]"
933,0,0,3.7999749183654785,"[345.0, 220.0, 690.0, 764.0]"
934,0,0,3.774617910385132,"[213.0, 147.0, 612.0, 639.0]"
935,0,0,3.7829432487487793,"[506.0, 220.0, 687.0, 443.0]"
936,0,0,3.642848014831543,"[444.0, 246.0, 708.0, 615.0]"
937,0,2,3.397853136062622,"[716.0, 192.0, 806.0, 306.0]"
938,0,2,3.6412904262542725,"[11.0, 13.0, 684.0, 1166.0]"
939,0,0,3.71305513381958,"[325.0, 328.0, 554.0, 601.0]"
940,0,2,3.4399921894073486,"[322.0, 208.0, 588.0, 590.0]"
941,0,0,3.465303897857666,"[456.0, 196.0, 682.0, 584.0]"
942,0,0,3.5639867782592773,"[412.0, 771.0, 651.0, 1092.0]"
943,0,0,4.017895698547363,"[315.0, 135.0, 636.0, 612.0]"
944,0,2,3.462524652481079,"[634.0, 108.0, 746.0, 262.0]"
945,0,0,3.0205118656158447,"[576.0, 132.0, 798.0, 478.0]"
946,0,0,3.2588534355163574,"[790.0, 106.0, 882.0, 214.0]"
947,0,0,3.598320960998535,"[454.0, 173.0, 569.0, 328.0]"
948,0,0,3.773622751235962,"[407.0, 150.0, 550.0, 311.0]"
949,0,0,3.451366424560547,"[367.0, 160.0, 628.0, 540.0]"
950,0,0,3.4485714435577393,"[420.0, 258.0, 564.0, 465.0]"
951,0,0,3.089632511138916,"[378.0, 112.0, 504.0, 268.0]"
952,1,1,3.139052391052246,"[414.0, 398.0, 644.0, 632.0]"
953,0,1,3.6113710403442383,"[405.0, 185.0, 645.0, 537.0]"
954,0,0,3.145484685897827,"[430.0, 92.0, 628.0, 418.0]"
955,0,0,3.690598487854004,"[306.0, 393.0, 429.0, 519.0]"
956,0,0,3.293454647064209,"[218.0, 24.0, 380.0, 184.0]"
957,0,0,3.224184274673462,"[448.0, 176.0, 516.0, 258.0]"
958,0,0,3.1823458671569824,"[344.0, 88.0, 404.0, 166.0]"
959,0,0,3.523519992828369,"[594.0, 189.0, 734.0, 383.0]"
960,0,0,3.5761239528656006,"[450.0, 387.0, 696.0, 732.0]"
961,0,0,3.321061611175537,"[454.0, 110.0, 570.0, 266.0]"
962,0,0,3.3718574047088623,"[574.0, 92.0, 678.0, 212.0]"
963,0,1,3.6123995780944824,"[536.0, 154.0, 642.0, 294.0]"
964,0,0,3.5770986080169678,"[459.0, 117.0, 563.0, 232.0]"
965,0,0,3.8095171451568604,"[344.0, 308.0, 725.0, 908.0]"
966,0,0,3.110067844390869,"[650.0, 190.0, 744.0, 332.0]"
967,0,0,3.4916815757751465,"[262.0, 10.0, 420.0, 210.0]"
968,0,0,3.046726703643799,"[636.0, 36.0, 722.0, 118.0]"
969,0,0,3.627943754196167,"[477.0, 74.0, 574.0, 210.0]"
970,0,0,3.614462375640869,"[342.0, 262.0, 571.0, 539.0]"
971,0,0,3.3284494876861572,"[397.0, 131.0, 642.0, 462.0]"
972,0,0,3.1048619747161865,"[548.0, 196.0, 672.0, 342.0]"
973,0,0,3.6129977703094482,"[214.0, 330.0, 459.0, 584.0]"
974,0,0,3.0202431678771973,"[194.0, 190.0, 368.0, 350.0]"
975,0,0,3.595747947692871,"[457.0, 125.0, 570.0, 262.0]"
976,0,0,3.635401487350464,"[619.0, 246.0, 704.0, 382.0]"
977,0,0,3.5354533195495605,"[370.0, 314.0, 828.0, 932.0]"
978,0,0,3.567981004714966,"[381.0, 435.0, 652.0, 795.0]"
979,0,0,2.9517576694488525,"[586.0, 24.0, 682.0, 162.0]"
980,0,0,3.651028871536255,"[496.0, 160.0, 707.0, 436.0]"
981,0,0,3.1085245609283447,"[432.0, 102.0, 560.0, 274.0]"
982,0,0,3.0305676460266113,"[256.0, 162.0, 468.0, 434.0]"
983,0,0,3.4659347534179688,"[632.0, 96.0, 778.0, 276.0]"
984,0,0,3.6382713317871094,"[430.0, 227.0, 540.0, 364.0]"
985,0,0,3.1557157039642334,"[182.0, 114.0, 286.0, 226.0]"
986,0,0,3.26049542427063,"[508.0, 26.0, 694.0, 266.0]"
987,0,0,3.5867154598236084,"[444.0, 542.0, 623.0, 774.0]"
988,0,0,3.121542453765869,"[488.0, 142.0, 556.0, 216.0]"
989,0,0,3.0297584533691406,"[488.0, 68.0, 550.0, 148.0]"
990,0,0,3.3599958419799805,"[348.0, 233.0, 644.0, 693.0]"
991,0,1,3.1871631145477295,"[378.0, 295.0, 668.0, 578.0]"
992,0,0,3.5119476318359375,"[327.0, 225.0, 687.0, 657.0]"
993,0,0,3.466738224029541,"[412.0, 153.0, 586.0, 359.0]"
994,0,0,3.4630255699157715,"[474.0, 399.0, 558.0, 498.0]"
995,0,0,3.153827667236328,"[262.0, 54.0, 332.0, 150.0]"
996,0,1,3.1794700622558594,"[622.0, 50.0, 684.0, 148.0]"
997,0,0,3.020108699798584,"[374.0, 134.0, 536.0, 362.0]"
998,0,0,3.051633358001709,"[418.0, 134.0, 516.0, 280.0]"
999,0,0,3.398045063018799,"[277.0, 379.0, 737.0, 977.0]"
